{
    "train": {
        "accuracy": 9.695348503532758,
        "loss": 0.7955717408418702
    },
    "val": {
        "accuracy": 9.238938825569226,
        "loss": 0.1268058319210441
    },
    "step": 9
}
