step	accuracy
0	0.6271044033104815
1	1.120408565646784
2	2.3716336045360227
3	3.3842520752834067
4	4.098535540905735
5	5.003632627819063
6	6.089978951133298
7	7.343249151047697
8	8.319233606462102
9	9.695348503532758
