step	loss
0	9.169061335497979
1	8.35069550754081
2	7.359641261874723
3	6.383374656375337
4	5.798117439789179
5	4.217045558862075
6	3.9121217293664
7	2.8100017973189124
8	1.834538335737037
9	0.7955717408418702
